{
  "name": "In_Front_Of_Net",
  "ball": {
    "position": {
      "x": 6.954159592529322,
      "y": 4458.333333333334,
      "z": 93.0
    },
    "position_random": {
      "enabled": true,
      "min_x": -897.0865874363326,
      "max_x": 897.0865874363326,
      "min_y": 3902.7777777777774,
      "max_y": 5027.777777777777,
      "min_z": 93.0,
      "max_z": 93.0
    },
    "velocity": {
      "x": 0.0,
      "y": 0.0,
      "z": 0.0
    },
    "angular_velocity": {
      "x": 0.0,
      "y": 0.0,
      "z": 0.0
    }
  },
  "cars": [
    {
      "name": "blue_0",
      "team": 0,
      "position": {
        "x": 6.954159592529322,
        "y": 3000.0,
        "z": 17.0
      },
      "position_random": {
        "enabled": false,
        "min_x": 0.0,
        "max_x": 0.0,
        "min_y": -2000.0,
        "max_y": -2000.0,
        "min_z": 17.0,
        "max_z": 17.0
      },
      "velocity": {
        "x": 0.0,
        "y": 0.0,
        "z": 0.0
      },
      "yaw": {
        "enabled": false,
        "value": 1.5707963267948966,
        "min": 1.5707963267948966,
        "max": 1.5707963267948966
      },
      "boost": {
        "enabled": false,
        "value": 0.33,
        "min": 0.33,
        "max": 0.33
      }
    }
  ]
}